"Symbol","Name","LastSale","MarketCap","ADR TSO","IPOyear","Sector","industry","Summary Quote",
"FAX","Aberdeen Asia-Pacific Income Fund Inc","5.83","1558988220.24","n/a","1986","n/a","n/a","http://www.nasdaq.com/symbol/fax",
"IAF","Aberdeen Australia Equity Fund Inc","8.58","193685941.02","n/a","n/a","n/a","n/a","http://www.nasdaq.com/symbol/iaf",
"CH","Aberdeen Chile Fund, Inc.","10.5981","99479033.8557","n/a","n/a","n/a","n/a","http://www.nasdaq.com/symbol/ch",
"ETF","Aberdeen Emerging Markets Smaller Company Opportunities Fund I","13.76","113474110.4","n/a","1992","n/a","n/a","http://www.nasdaq.com/symbol/etf",
"FCO","Aberdeen Global Income Fund, Inc.","10.4","97803160","n/a","1992","n/a","n/a","http://www.nasdaq.com/symbol/fco",
"IF","Aberdeen Indonesia Fund, Inc.","8.15","77304763.05","n/a","1990","n/a","n/a","http://www.nasdaq.com/symbol/if",
"ISL","Aberdeen Israel Fund, Inc.","16.55","69925818.75","n/a","1992","n/a","n/a","http://www.nasdaq.com/symbol/isl",
"ACU","Acme United Corporation.","14.9","47621919.8","n/a","1988","Capital Goods","Industrial Machinery/Components","http://www.nasdaq.com/symbol/acu",
"AE","Adams Resources & Energy, Inc.","68.18","287555695.28","n/a","n/a","Energy","Oil Refining/Marketing","http://www.nasdaq.com/symbol/ae",
"ADK","Adcare Health Systems Inc","4.45","70166020.25","n/a","n/a","Health Care","Hospital/Nursing Management","http://www.nasdaq.com/symbol/adk",
"ADK^A","Adcare Health Systems Inc","27.15","0","n/a","n/a","n/a","n/a","http://www.nasdaq.com/symbol/adk^a",
"API","Advanced Photonix, Inc.","0.66","20621528.4","n/a","n/a","Technology","Semiconductors","http://www.nasdaq.com/symbol/api",
"ACY","AeroCentury Corp.","16.9","26081043.3","n/a","n/a","Technology","Diversified Commercial Services","http://www.nasdaq.com/symbol/acy",
"AIRI","Air Industries Group","9.03","52772159.79","n/a","n/a","Capital Goods","Military/Government/Technical","http://www.nasdaq.com/symbol/airi",
"AA^","Alcoa Inc.","78.75","0","n/a","n/a","Capital Goods","Metal Fabrications","http://www.nasdaq.com/symbol/aa^",
"AXX","Alderon Iron Ore Corp.","1.55","201723458.85","n/a","n/a","Basic Industries","Precious Metals","http://www.nasdaq.com/symbol/axx",
"AXU","Alexco Resource Corp","1.32","82597545.36","n/a","n/a","Basic Industries","Precious Metals","http://www.nasdaq.com/symbol/axu",
"ANV","Allied Nevada Gold Corp.","3.93","408506479.17","n/a","n/a","Basic Industries","Precious Metals","http://www.nasdaq.com/symbol/anv",
"AAU","Almaden Minerals, Ltd.","1.26","81274184.46","n/a","n/a","Basic Industries","Precious Metals","http://www.nasdaq.com/symbol/aau",
"APT","Alpha Pro Tech, Ltd.","2.19","41437447.71","n/a","n/a","Health Care","Industrial Specialties","http://www.nasdaq.com/symbol/apt",
"ALTV","Alteva (D/B/A)","8.4","51583467.6","n/a","n/a","Public Utilities","Telecommunications Equipment","http://www.nasdaq.com/symbol/altv",
"AAMC","Altisource Asset Management Corp","924.69","2174031261.48","n/a","n/a","Finance","Real Estate","http://www.nasdaq.com/symbol/aamc",
"DIT","AMCON Distributing Company","80.1833","50752661.2014","n/a","n/a","Consumer Non-Durables","Food Distributors","http://www.nasdaq.com/symbol/dit",
"APP","American Apparel Inc","1.27","141397846.49","n/a","n/a","Finance","Business Services","http://www.nasdaq.com/symbol/app",
"ADGE","American DG Energy Inc.","1.88","92467021.68","n/a","n/a","Energy","Electric Utilities: Central","http://www.nasdaq.com/symbol/adge",
"AMZG","American Eagle Energy Corporation.","2","141668280","n/a","n/a","Basic Industries","Precious Metals","http://www.nasdaq.com/symbol/amzg",
"ALN","American Lorain Corporation","0.76","26308702.64","n/a","n/a","Consumer Non-Durables","Packaged Foods","http://www.nasdaq.com/symbol/aln",
"AMS","American Shared Hospital Services","2.74","12628303.8","n/a","n/a","Health Care","Medical Specialities","http://www.nasdaq.com/symbol/ams",
"AQQ","American Spectrum Realty, Inc.","1.8217","6791115.43","n/a","n/a","Consumer Services","Real Estate Investment Trusts","http://www.nasdaq.com/symbol/aqq",
"AMPE","Ampio Pharmaceuticals, Inc.","7.59","318771924.24","n/a","n/a","Health Care","Major Pharmaceuticals","http://www.nasdaq.com/symbol/ampe",
"AXN","Aoxing Pharmaceutical Company, Inc.","0.2389","11872092.9758","n/a","n/a","Health Care","Major Pharmaceuticals","http://www.nasdaq.com/symbol/axn",
"AMCO","Armco Metals Holdings, Inc.","0.3101","8533411.8058","n/a","n/a","Consumer Durables","Steel/Iron Ore","http://www.nasdaq.com/symbol/amco",
"HRT","Arrhythmia Research Technology Inc.","3.5499","9599778.0261","n/a","n/a","Health Care","Biotechnology: Electromedical & Electrotherapeutic Apparatus","http://www.nasdaq.com/symbol/hrt",
"AKG","Asanko Gold Inc.","1.67","142040744.46","n/a","n/a","Basic Industries","Mining & Quarrying of Nonmetallic Minerals (No Fuels)","http://www.nasdaq.com/symbol/akg",
"ATL","Atlatsa Resources Corporation","0.572","115480206.556","n/a","n/a","Basic Industries","Precious Metals","http://www.nasdaq.com/symbol/atl",
"AZC","Augusta Resource Corporation","1.35","195146247.6","n/a","n/a","Basic Industries","Precious Metals","http://www.nasdaq.com/symbol/azc",
"AWX","Avalon Holdings Corporation","5.2596","20003999.7276","n/a","n/a","Public Utilities","Environmental Services","http://www.nasdaq.com/symbol/awx",
"AVL","Avalon Rare Metals, Inc.","0.5814","63876640.6602","n/a","n/a","Basic Industries","Precious Metals","http://www.nasdaq.com/symbol/avl",
"ASM","Avino Silver","1.24","34086154.16","n/a","n/a","Basic Industries","Precious Metals","http://www.nasdaq.com/symbol/asm",
"BTG","B2Gold Corp","2.14","1443885295.7","n/a","n/a","Basic Industries","Precious Metals","http://www.nasdaq.com/symbol/btg",
"BONE","Bacterin International Holdings, Inc.","0.5125","26518869.7","n/a","n/a","Health Care","Biotechnology: Biological Products (No Diagnostic Substances)","http://www.nasdaq.com/symbol/bone",
"BTN","Ballantyne Strong, Inc","4.73","66879655.26","n/a","n/a","Miscellaneous","Industrial Machinery/Components","http://www.nasdaq.com/symbol/btn",
"BKJ","Bancorp of New Jersey, Inc","13.1901","70504593.0666","n/a","n/a","Finance","Major Banks","http://www.nasdaq.com/symbol/bkj",
"BCV","Bancroft Fund Limited","18.53","98944251.87","n/a","n/a","n/a","n/a","http://www.nasdaq.com/symbol/bcv",
"BAA","BANRO CORPORATION","0.62","156302416.64","n/a","n/a","Basic Industries","Precious Metals","http://www.nasdaq.com/symbol/baa",
"BHB","Bar Harbor Bankshares, Inc.","39.99","157495576.26","n/a","n/a","Finance","Major Banks","http://www.nasdaq.com/symbol/bhb",
"BRN","Barnwell Industries, Inc.","3.08","25493652.8","n/a","n/a","Energy","Oil & Gas Production","http://www.nasdaq.com/symbol/brn",
"BXE","Bellatrix Exploration Ltd","7.28","1241765412.16","n/a","n/a","Energy","Oil & Gas Production","http://www.nasdaq.com/symbol/bxe",
"BIR^A","Berkshire Income Realty, Inc.","26.9","0","n/a","n/a","n/a","n/a","http://www.nasdaq.com/symbol/bir^a",
"BTX","BioTime, Inc.","3.67","246633828.26","n/a","n/a","Health Care","Biotechnology: Biological Products (No Diagnostic Substances)","http://www.nasdaq.com/symbol/btx",
"BGI","Birks Group Inc.","1.6732","29850838.3776","n/a","n/a","n/a","n/a","http://www.nasdaq.com/symbol/bgi",
"BQY","BlackRock Dividend Income Trust","12.83","77403749.24","n/a","2004","n/a","n/a","http://www.nasdaq.com/symbol/bqy",
"BZM","BlackRock Maryland Municipal Bond Trust","12.63","26198888.94","n/a","2002","n/a","n/a","http://www.nasdaq.com/symbol/bzm",
"MHE","BlackRock Massachusetts Tax-Exempt Trust","11.82","27923390.7","n/a","1993","n/a","n/a","http://www.nasdaq.com/symbol/mhe",
"BLE","BlackRock Municipal Income Trust II","13.29","311546691.81","n/a","2002","n/a","n/a","http://www.nasdaq.com/symbol/ble",
"BLJ","Blackrock New Jersey Municipal Bond Trust","13.38","31107389.46","n/a","2002","n/a","n/a","http://www.nasdaq.com/symbol/blj",
"BFY","BlackRock New York Municipal Income Trust II","12.74","63686126.14","n/a","2002","n/a","n/a","http://www.nasdaq.com/symbol/bfy",
"BPS","BlackRock Pennsylvania Strategic Municipal Trust (The)","11.76","23897672.4","n/a","1999","n/a","n/a","http://www.nasdaq.com/symbol/bps",
"BHV","BlackRock Virginia Municipal Bond Trust","14.77","23428868.19","n/a","2002","n/a","n/a","http://www.nasdaq.com/symbol/bhv",
"BDR","Blonder Tongue Laboratories, Inc.","0.99","6153548.94","n/a","n/a","Technology","Radio And Television Broadcasting And Communications Equipment","http://www.nasdaq.com/symbol/bdr",
"BVX","Bovie Medical Corporation","2.07","36900515.52","n/a","n/a","Health Care","Medical/Dental Instruments","http://www.nasdaq.com/symbol/bvx",
"BWL/A","Bowl America, Inc.","14.5","0","n/a","n/a","Consumer Services","Services-Misc. Amusement & Recreation","http://www.nasdaq.com/symbol/bwl/a",
"BZC","Breeze-Eastern Corporation","9.25","89384766.5","n/a","n/a","Capital Goods","Military/Government/Technical","http://www.nasdaq.com/symbol/bzc",
"BRD","Brigus Gold Corp","0.827","191966972.251","n/a","n/a","Basic Industries","Precious Metals","http://www.nasdaq.com/symbol/brd",
"BTI","British American Tobacco p.l.c.","105.23","99281351256.9","n/a","n/a","Consumer Non-Durables","Farming/Seeds/Milling","http://www.nasdaq.com/symbol/bti",
"CAK","CAMAC Energy Inc.","1.29","202582261.77","n/a","n/a","Energy","Oil & Gas Production","http://www.nasdaq.com/symbol/cak",
"CANF","Can-Fite Biopharma Ltd","5.95","42462395.15","n/a","n/a","Health Care","Major Pharmaceuticals","http://www.nasdaq.com/symbol/canf",
"CXM","Cardium Therapeutics, Inc.","0.74","6049998.76","n/a","n/a","Health Care","Biotechnology: Biological Products (No Diagnostic Substances)","http://www.nasdaq.com/symbol/cxm",
"ROX","Castle Brands, Inc.","0.775","86522096.625","n/a","2006","Consumer Non-Durables","Beverages (Production/Distribution)","http://www.nasdaq.com/symbol/rox",
"CAW","CCA Industries, Inc.","3.03","21230252.52","n/a","n/a","Consumer Non-Durables","Package Goods/Cosmetics","http://www.nasdaq.com/symbol/caw",
"CVM","Cel-Sci Corporation","0.65","36256204.4","n/a","n/a","Health Care","Biotechnology: Biological Products (No Diagnostic Substances)","http://www.nasdaq.com/symbol/cvm",
"CEF","Central Fund of Canada Limited","13.78","3506082785.14","n/a","n/a","n/a","n/a","http://www.nasdaq.com/symbol/cef",
"GTU","Central Gold Trust","43.41","837769590","n/a","n/a","n/a","n/a","http://www.nasdaq.com/symbol/gtu",
"CET","Central Securities Corporation","21.66","501512434.32","n/a","n/a","n/a","n/a","http://www.nasdaq.com/symbol/cet",
"CCF","Chase Corporation","35.62","323959198.16","n/a","n/a","Consumer Durables","Building Products","http://www.nasdaq.com/symbol/ccf",
"CQH","Cheniere Energy Partners LP Holdings, LLC","18.56","4300352000","n/a","2013","Public Utilities","Oil/Gas Transmission","http://www.nasdaq.com/symbol/cqh",
"CQP","Cheniere Energy Partners, LP","28.22","9532603486.86","n/a","2007","Public Utilities","Oil/Gas Transmission","http://www.nasdaq.com/symbol/cqp",
"LNG","Cheniere Energy, Inc.","42.36","10119634983.6","n/a","n/a","Public Utilities","Oil/Gas Transmission","http://www.nasdaq.com/symbol/lng",
"CVR","Chicago Rivet & Machine Co.","34.5","33331554","n/a","n/a","Technology","Industrial Machinery/Components","http://www.nasdaq.com/symbol/cvr",
"CHGS","China GengSheng Minerals, Inc.","0.2163","5797498.4172","n/a","n/a","Consumer Durables","Miscellaneous manufacturing industries","http://www.nasdaq.com/symbol/chgs",
"CNR","China Metro-Rural Holdings Limited","0.92","67660279.44","n/a","n/a","Finance","Real Estate","http://www.nasdaq.com/symbol/cnr",
"CPHI","China Pharma Holdings, Inc.","0.352","15340004.064","n/a","n/a","Health Care","Major Pharmaceuticals","http://www.nasdaq.com/symbol/cphi",
"CKX","CKX Lands, Inc.","14.97","29079150.15","n/a","n/a","Energy","Oil & Gas Production","http://www.nasdaq.com/symbol/ckx",
"GLV","Clough Global Allocation Fund","15.34","160066856.04","n/a","2004","n/a","n/a","http://www.nasdaq.com/symbol/glv",
"GLQ","Clough Global Equity Fund","15.47","275995706.35","n/a","2005","n/a","n/a","http://www.nasdaq.com/symbol/glq",
"GLO","Clough Global Opportunities Fund","12.95","669992324.05","n/a","2006","n/a","n/a","http://www.nasdaq.com/symbol/glo",
"CRV","Coast Distribution System, Inc. (The)","3.42","17430830.28","n/a","n/a","Capital Goods","Automotive Aftermarket","http://www.nasdaq.com/symbol/crv",
"MOC","Command Security Corporation","2.11","19459470.78","n/a","n/a","Consumer Services","Diversified Commercial Services","http://www.nasdaq.com/symbol/moc",
"CIX","CompX International Inc.","14.2","176038919.4","n/a","1998","Capital Goods","Industrial Machinery/Components","http://www.nasdaq.com/symbol/cix",
"LODE","Comstock Mining, Inc.","1.84","125106349.04","n/a","n/a","Basic Industries","Precious Metals","http://www.nasdaq.com/symbol/lode",
"CTO","Consolidated-Tomoka Land Co.","36.15","211996577.85","n/a","n/a","Finance","Real Estate","http://www.nasdaq.com/symbol/cto",
"CEP","Constellation Energy Partners, LLC","2.3401","70387313.2963","n/a","n/a","Energy","Oil & Gas Production","http://www.nasdaq.com/symbol/cep",
"MCF","Contango Oil & Gas Company","45.57","692433962.64","n/a","n/a","Energy","Oil & Gas Production","http://www.nasdaq.com/symbol/mcf",
"CUO","Continental Materials Corporation","20.91","34431953.34","n/a","n/a","Capital Goods","Building Materials","http://www.nasdaq.com/symbol/cuo",
"CMT","Core Molding Technologies Inc","13.35","99197268.45","n/a","n/a","Consumer Non-Durables","Plastic Products","http://www.nasdaq.com/symbol/cmt",
"CRMD","CorMedix Inc","1.4919","24115841.4204","n/a","n/a","Health Care","Major Pharmaceuticals","http://www.nasdaq.com/symbol/crmd",
"CRMD/WS","CorMedix Inc","0.31","0","n/a","n/a","n/a","n/a","http://www.nasdaq.com/symbol/crmd/ws",
"CFP","Cornerstone Progressive Return Fund","5.18","130914373.1","n/a","n/a","n/a","n/a","http://www.nasdaq.com/symbol/cfp",
"CRF","Cornerstone Strategic Return Fund, Inc. (The)","6.08","62858554.24","n/a","n/a","n/a","n/a","http://www.nasdaq.com/symbol/crf",
"CLM","Cornerstone Strategic Value Fund, Inc.","6.58","124460996.1","n/a","1987","n/a","n/a","http://www.nasdaq.com/symbol/clm",
"COVR","Cover-All Technologies Inc.","1.4632","38510995.2824","n/a","n/a","Technology","Computer Software: Prepackaged Software","http://www.nasdaq.com/symbol/covr",
"CVU","CPI Aerostructures, Inc.","15.09","126634585.86","n/a","n/a","Capital Goods","Military/Government/Technical","http://www.nasdaq.com/symbol/cvu",
"CIK","Credit Suisse Asset Management Income Fund, Inc.","3.56","185900437.44","n/a","n/a","n/a","n/a","http://www.nasdaq.com/symbol/cik",
"DHY","Credit Suisse High Yield Bond Fund","3.08","301120903.16","n/a","1998","n/a","n/a","http://www.nasdaq.com/symbol/dhy",
"EXE","Crexendo, Inc.","3.1","33466577","n/a","n/a","Technology","EDP Services","http://www.nasdaq.com/symbol/exe",
"CRVP","Crystal Rock Holdings, Inc.","1.06","22648925.66","n/a","n/a","Consumer Non-Durables","Food Distributors","http://www.nasdaq.com/symbol/crvp",
"CTP","CTPartners Executive Search Inc.","5.84","41298447.68","n/a","2010","Technology","Diversified Commercial Services","http://www.nasdaq.com/symbol/ctp",
"DXR","Daxor Corporation","6.8","27991139.2","n/a","n/a","Health Care","Medical/Dental Instruments","http://www.nasdaq.com/symbol/dxr",
"DEJ","Dejour Energy Inc.","0.1275","18986837.685","n/a","n/a","Energy","Oil & Gas Production","http://www.nasdaq.com/symbol/dej",
"VCF","Delaware Investments Colorado Municipal Income Fund, Inc","12.48","60367008","n/a","1993","n/a","n/a","http://www.nasdaq.com/symbol/vcf",
"VFL","Delaware Investments Florida Insured Municipal Income Fund","11.8","53435627.4","n/a","1993","n/a","n/a","http://www.nasdaq.com/symbol/vfl",
"VMM","Delaware Investments Minnesota Municipal Income Fund II, Inc.","12.47","143467038.25","n/a","1993","n/a","n/a","http://www.nasdaq.com/symbol/vmm",
"DLA","Delta Apparel, Inc.","16.21","127635076.08","n/a","n/a","Consumer Non-Durables","Apparel","http://www.nasdaq.com/symbol/dla",
"DNN","Denison Mine Corp","1.17","526926674.43","n/a","n/a","Basic Industries","Precious Metals","http://www.nasdaq.com/symbol/dnn",
"DGSE","DGSE Companies, Inc.","2.22","27029796.48","n/a","n/a","Consumer Services","Consumer Specialties","http://www.nasdaq.com/symbol/dgse",
"DPW","Digital Power Corporation","0.6","4111896.6","n/a","n/a","Capital Goods","Industrial Machinery/Components","http://www.nasdaq.com/symbol/dpw",
"DSS","Document Security Systems, Inc.","2.08","102398730.72","n/a","n/a","Technology","EDP Services","http://www.nasdaq.com/symbol/dss",
"DMF","Dreyfus Municipal Income, Inc.","8.53","176696817.5","n/a","1988","n/a","n/a","http://www.nasdaq.com/symbol/dmf",
"GRF","Eagle Capital Growth Fund, Inc.","8.29","25907277.96","n/a","n/a","n/a","n/a","http://www.nasdaq.com/symbol/grf",
"ESTE","Earthstone Energy, Inc.","18.351","31788519.75","n/a","n/a","Energy","Oil & Gas Production","http://www.nasdaq.com/symbol/este",
"EVM","Eaton Vance California Municipal Bond Fund","10.26","223218468.36","n/a","2002","n/a","n/a","http://www.nasdaq.com/symbol/evm",
"EIA","Eaton Vance California Municipal Bond Fund II","10.64","41338847.2","n/a","2002","n/a","n/a","http://www.nasdaq.com/symbol/eia",
"CEV","Eaton Vance California Municipal Income Trust","11.4","82776255","n/a","1999","n/a","n/a","http://www.nasdaq.com/symbol/cev",
"EVV","Eaton Vance Limited Duration Income Fund","15.26","1793767494.68","n/a","2003","n/a","n/a","http://www.nasdaq.com/symbol/evv",
"MAB","Eaton Vance Massachusetts Municipal Bond Fund","12.26","21681981.64","n/a","2002","n/a","n/a","http://www.nasdaq.com/symbol/mab",
"MMV","Eaton Vance Massachusetts Municipal Income Trust","12.3547","33981861.7987","n/a","1999","n/a","n/a","http://www.nasdaq.com/symbol/mmv",
"MIW","Eaton Vance Michigan Municipal Bond Fund","11.53","17457169.45","n/a","2002","n/a","n/a","http://www.nasdaq.com/symbol/miw",
"EMI","Eaton Vance Michigan Municipal Income Trust","11.26","23829470.44","n/a","1999","n/a","n/a","http://www.nasdaq.com/symbol/emi",
"EIM","Eaton Vance Municipal Bond Fund","11.315","771323748.75","n/a","2002","n/a","n/a","http://www.nasdaq.com/symbol/eim",
"EIV","Eaton Vance Municipal Bond Fund II","11.03","110447592.43","n/a","2002","n/a","n/a","http://www.nasdaq.com/symbol/eiv",
"EMJ","Eaton Vance New Jersey Municipal Bond Fund","11.7932","30767397.412","n/a","2002","n/a","n/a","http://www.nasdaq.com/symbol/emj",
"EVJ","Eaton Vance New Jersey Municipal Income Trust","11.54","53997483.32","n/a","1999","n/a","n/a","http://www.nasdaq.com/symbol/evj",
"ENX","Eaton Vance New York Municipal Bond Fund","11.32","179949342.2","n/a","2002","n/a","n/a","http://www.nasdaq.com/symbol/enx",
"NYH","Eaton Vance New York Municipal Bond Fund II","11.04","28339028.64","n/a","2002","n/a","n/a","http://www.nasdaq.com/symbol/nyh",
"EVY","Eaton Vance New York Municipal Income Trust","12.41","67940232.76","n/a","1999","n/a","n/a","http://www.nasdaq.com/symbol/evy",
"EIO","Eaton Vance Ohio Municipal Bond Fund","11.14","28262168.86","n/a","2002","n/a","n/a","http://www.nasdaq.com/symbol/eio",
"EVO","Eaton Vance Ohio Municipal Income Trust","12.3","35143031.1","n/a","1999","n/a","n/a","http://www.nasdaq.com/symbol/evo",
"EIP","Eaton Vance Pennsylvania Municipal Bond Fund","11.53","34126021.27","n/a","2002","n/a","n/a","http://www.nasdaq.com/symbol/eip",
"EVP","Eaton Vance Pennsylvania Municipal Income Trust","11.2","30468636.8","n/a","1999","n/a","n/a","http://www.nasdaq.com/symbol/evp",
"ELMD","Electromed, Inc.","2.57","20853627.64","n/a","2011","Health Care","Biotechnology: Electromedical & Electrotherapeutic Apparatus","http://www.nasdaq.com/symbol/elmd",
"ETAK","Elephant Talk Communications Corp.","1.225","171526243.175","n/a","n/a","Public Utilities","Telecommunications Equipment","http://www.nasdaq.com/symbol/etak",
"ELLO","Ellomay Capital Ltd.","10.3","110131421.3","n/a","n/a","Public Utilities","Electric Utilities: Central","http://www.nasdaq.com/symbol/ello",
"ECF","Ellsworth Convertible Growth and Income Fund, Inc.","8.131","109093610.738","n/a","1986","n/a","n/a","http://www.nasdaq.com/symbol/ecf",
"EMAN","eMagin Corporation","2.86","68291938","n/a","n/a","Technology","Semiconductors","http://www.nasdaq.com/symbol/eman",
"EOX","Emerald Oil, Inc.","7.44","486481884","n/a","n/a","Energy","Oil & Gas Production","http://www.nasdaq.com/symbol/eox",
"MSN","Emerson Radio Corporation","1.9","51546680.8","n/a","n/a","Consumer Non-Durables","Consumer Electronics/Appliances","http://www.nasdaq.com/symbol/msn",
"UUUU","Energy Fuels Inc","6.15","120676579.2","n/a","n/a","Basic Industries","Mining & Quarrying of Nonmetallic Minerals (No Fuels)","http://www.nasdaq.com/symbol/uuuu",
"EGI","Entree Gold Inc","0.318","46661534.43","n/a","n/a","Basic Industries","Precious Metals","http://www.nasdaq.com/symbol/egi",
"EVI","EnviroStarm, Inc.","3.0101","21172236.6932","n/a","n/a","Consumer Services","Other Consumer Services","http://www.nasdaq.com/symbol/evi",
"ERB","ERBA Diagnostics, Inc.","3.48","151930609.08","n/a","n/a","Health Care","Major Pharmaceuticals","http://www.nasdaq.com/symbol/erb",
"ESP","Espey Mfg. & Electronics Corp.","32.6","76734206","n/a","n/a","Capital Goods","Industrial Machinery/Components","http://www.nasdaq.com/symbol/esp",
"ETUA","eUnits 2 Year U.S. Market Participation Trust","11.72","30804719.08","n/a","2012","n/a","n/a","http://www.nasdaq.com/symbol/etua",
"ETUB","eUnits 2 Year U.S. Market Participation Trust","11.67","0","n/a","n/a","n/a","n/a","http://www.nasdaq.com/symbol/etub",
"EMXX","Eurasian Minerals Inc.","1.11","81008031.99","n/a","n/a","Basic Industries","Precious Metals","http://www.nasdaq.com/symbol/emxx",
"EVBN","Evans Bancorp, Inc.","21.45","89999931.45","n/a","n/a","Finance","Major Banks","http://www.nasdaq.com/symbol/evbn",
"EVK","Ever-Glory International Group, Inc.","5.43","80262138.63","n/a","n/a","Consumer Non-Durables","Apparel","http://www.nasdaq.com/symbol/evk",
"EPM","Evolution Petroleum Corporation, Inc.","12.11","346341991.59","n/a","n/a","Energy","Oil & Gas Production","http://www.nasdaq.com/symbol/epm",
"EPM^A","Evolution Petroleum Corporation, Inc.","25.7978","0","n/a","n/a","n/a","n/a","http://www.nasdaq.com/symbol/epm^a",
"XRA","Exeter Resource Corporation","0.553","48889487.409","n/a","n/a","Basic Industries","Mining & Quarrying of Nonmetallic Minerals (No Fuels)","http://www.nasdaq.com/symbol/xra",
"FU","FAB Universal Corp.","3.07","63873990.2","n/a","n/a","Technology","Computer Software: Prepackaged Software","http://www.nasdaq.com/symbol/fu",
"FCSC","Fibrocell Science Inc","4.09","162913800.25","n/a","n/a","Health Care","Major Pharmaceuticals","http://www.nasdaq.com/symbol/fcsc",
"FPP","FieldPoint Petroleum Corporation","4.17","33636621.12","n/a","n/a","Energy","Oil & Gas Production","http://www.nasdaq.com/symbol/fpp",
"FPP/WS","FieldPoint Petroleum Corporation","0.59","0","n/a","n/a","n/a","n/a","http://www.nasdaq.com/symbol/fpp/ws",
"MXN","First American Minnesota Municipal Income Fund II, Inc.","12.92","19024777.52","n/a","2002","n/a","n/a","http://www.nasdaq.com/symbol/mxn",
"FEN","First Trust Energy Income and Growth Fund","31.39","607198554.66","n/a","2004","n/a","n/a","http://www.nasdaq.com/symbol/fen",
"FWV","First West Virginia Bancorp, Inc.","16.8","29042664","n/a","n/a","Finance","Major Banks","http://www.nasdaq.com/symbol/fwv",
"BDL","Flanigan&#39;s Enterprises, Inc.","13.55","25184666.85","n/a","n/a","Consumer Services","Restaurants","http://www.nasdaq.com/symbol/bdl",
"FSI","Flexible Solutions International Inc.","0.9399","12378474.5409","n/a","n/a","Basic Industries","Major Chemicals","http://www.nasdaq.com/symbol/fsi",
"FSP","Franklin Street Properties Corp.","12.08","1210263852.4","n/a","n/a","Consumer Services","Real Estate Investment Trusts","http://www.nasdaq.com/symbol/fsp",
"FTF","Franklin Templeton Limited Duration Income Trust","13.01","349131806.5","n/a","2003","n/a","n/a","http://www.nasdaq.com/symbol/ftf",
"FRD","Friedman Industries Inc.","8.48","57659285.12","n/a","n/a","Capital Goods","Steel/Iron Ore","http://www.nasdaq.com/symbol/frd",
"FRS","Frisch&#39;s Restaurants, Inc.","26","132083510","n/a","n/a","Consumer Services","Restaurants","http://www.nasdaq.com/symbol/frs",
"GGN","GAMCO Global Gold, Natural Reources & Income Trust by Gabelli","9.18","929155040.28","n/a","2005","n/a","n/a","http://www.nasdaq.com/symbol/ggn",
"GGN^B","GAMCO Global Gold, Natural Reources & Income Trust by Gabelli","19.32","0","n/a","n/a","n/a","n/a","http://www.nasdaq.com/symbol/ggn^b",
"EGAS","Gas Natural Inc.","8.18","85494726.04","n/a","n/a","Public Utilities","Oil/Gas Transmission","http://www.nasdaq.com/symbol/egas",
"GST","Gastar Exploration Inc.","6.46","394931777","n/a","n/a","Energy","Oil & Gas Production","http://www.nasdaq.com/symbol/gst",
"GST^A","Gastar Exploration Inc.","24.2975","0","n/a","n/a","n/a","n/a","http://www.nasdaq.com/symbol/gst^a",
"GST^B","Gastar Exploration Inc.","25.8","0","n/a","n/a","n/a","n/a","http://www.nasdaq.com/symbol/gst^b",
"JOB","General Employment Enterprises, Inc.","0.1906","4345618.055","n/a","n/a","Technology","Diversified Commercial Services","http://www.nasdaq.com/symbol/job",
"GMO","General Moly, Inc","1.37","124592249.76","n/a","n/a","Basic Industries","Precious Metals","http://www.nasdaq.com/symbol/gmo",
"GIG","GigOptix, Inc.","1.54","49216026.86","n/a","n/a","Technology","Semiconductors","http://www.nasdaq.com/symbol/gig",
"GSB","GlobalSCAPE, Inc.","2.32","43571029.12","n/a","n/a","Technology","Computer Software: Prepackaged Software","http://www.nasdaq.com/symbol/gsb",
"GLOW","Glowpoint, Inc.","1.33","46483122.28","n/a","n/a","Public Utilities","Telecommunications Equipment","http://www.nasdaq.com/symbol/glow",
"GORO","Gold Resource Corporation","4.83","259754352.27","n/a","n/a","Basic Industries","Precious Metals","http://www.nasdaq.com/symbol/goro",
"GSV","Gold Standard Ventures Corporation","0.6525","59871193.245","n/a","n/a","Basic Industries","Mining & Quarrying of Nonmetallic Minerals (No Fuels)","http://www.nasdaq.com/symbol/gsv",
"AUMN","Golden Minerals Company","0.569","27806047.906","n/a","n/a","Basic Industries","Precious Metals","http://www.nasdaq.com/symbol/aumn",
"GSS","Golden Star Resources, Ltd","0.5052","130900336.044","n/a","n/a","Basic Industries","Precious Metals","http://www.nasdaq.com/symbol/gss",
"GV","Goldfield Corporation (The)","2.22","56502005.88","n/a","n/a","Basic Industries","Water Supply","http://www.nasdaq.com/symbol/gv",
"GRC","Gorman-Rupp Company (The)","33.22","872145123.52","n/a","n/a","Capital Goods","Fluid Controls","http://www.nasdaq.com/symbol/grc",
"GHM","Graham Corporation","35.57","357783263.76","n/a","n/a","Technology","Industrial Machinery/Components","http://www.nasdaq.com/symbol/ghm",
"GTE","Gran Tierra Energy Inc.","7.23","1968314655.93","n/a","n/a","Energy","Oil & Gas Production","http://www.nasdaq.com/symbol/gte",
"GPL","Great Panther Silver Limited","0.7604","105254351.286","n/a","n/a","Basic Industries","Precious Metals","http://www.nasdaq.com/symbol/gpl",
"GRH","GreenHunter Resources, Inc.","1.19","40213201.14","n/a","n/a","Basic Industries","Major Chemicals","http://www.nasdaq.com/symbol/grh",
"GRH^C","GreenHunter Resources, Inc.","18.87","0","n/a","n/a","n/a","n/a","http://www.nasdaq.com/symbol/grh^c",
"SIM","Grupo Simec, S.A. de C.V.","11.92","1977564606.32","n/a","1993","Basic Industries","Steel/Iron Ore","http://www.nasdaq.com/symbol/sim",
"GVP","GSE Systems, Inc.","1.63","29157210.17","n/a","n/a","Technology","Computer Software: Prepackaged Software","http://www.nasdaq.com/symbol/gvp",
"GTT","GTT Communications, Inc.","7.2","167684061.6","n/a","n/a","Public Utilities","Telecommunications Equipment","http://www.nasdaq.com/symbol/gtt",
"HWG","Hallwood Group Incorporated","9.72","14824613.52","n/a","n/a","Basic Industries","Textiles","http://www.nasdaq.com/symbol/hwg",
"HEB","Hemispherx BioPharma, Inc.","0.273","46044281.01","n/a","n/a","Health Care","Biotechnology: Biological Products (No Diagnostic Substances)","http://www.nasdaq.com/symbol/heb",
"HLM^","Hillman Group Capital Trust","30.594","0","n/a","n/a","n/a","n/a","http://www.nasdaq.com/symbol/hlm^",
"HMG","HMG/Courtland Properties, Inc.","16.83","17518784.58","n/a","n/a","Consumer Services","Real Estate Investment Trusts","http://www.nasdaq.com/symbol/hmg",
"HH","Hooper Holmes, Inc.","0.55","38545505.35","n/a","n/a","Health Care","Hospital/Nursing Management","http://www.nasdaq.com/symbol/hh",
"HUSA","Houston American Energy Corporation","0.2594","13532883.733","n/a","n/a","Energy","Oil & Gas Production","http://www.nasdaq.com/symbol/husa",
"IBIO","iBio, Inc.","0.349","22909091.155","n/a","n/a","Health Care","Major Pharmaceuticals","http://www.nasdaq.com/symbol/ibio",
"IBO","IBO (Listing Market - NYSE Amex Network B F)","1","0","n/a","n/a","n/a","n/a","http://www.nasdaq.com/symbol/ibo",
"IEC","IEC Electronics Corp.","4.06","40563358.5","n/a","n/a","Technology","Electrical Products","http://www.nasdaq.com/symbol/iec",
"IG","IGI Laboratories, Inc.","2.97","129962492.55","n/a","n/a","Health Care","Biotechnology: Biological Products (No Diagnostic Substances)","http://www.nasdaq.com/symbol/ig",
"IMUC","ImmunoCellular Therapeutics, Ltd.","0.9561","54589282.9068","n/a","n/a","Health Care","Major Pharmaceuticals","http://www.nasdaq.com/symbol/imuc",
"IMH","Impac Mortgage Holdings, Inc.","5.84","51877379.92","n/a","1997","Consumer Services","Real Estate Investment Trusts","http://www.nasdaq.com/symbol/imh",
"IMO","Imperial Oil Limited","43.64","36989220840.04","n/a","n/a","Energy","Integrated oil Companies","http://www.nasdaq.com/symbol/imo",
"IOT","Income Opportunity Realty Investors, Inc.","5.12","21341255.68","n/a","n/a","Consumer Services","Real Estate Investment Trusts","http://www.nasdaq.com/symbol/iot",
"IRT","Independence Realty Trust, Inc.","8.5","82046590","n/a","2013","Consumer Services","Real Estate Investment Trusts","http://www.nasdaq.com/symbol/irt",
"IGC","India Globalization Capital Inc.","1","7481426","n/a","n/a","Basic Industries","Precious Metals","http://www.nasdaq.com/symbol/igc",
"IGC/WS","India Globalization Capital Inc.","0.018","0","n/a","n/a","n/a","n/a","http://www.nasdaq.com/symbol/igc/ws",
"INFU","InfuSystems Holdings, Inc.","2.1399","47259757.8369","n/a","n/a","Health Care","Medical/Dental Instruments","http://www.nasdaq.com/symbol/infu",
"IHT","InnSuites Hospitality Trust","1.66","15275788.12","n/a","n/a","Consumer Services","Real Estate Investment Trusts","http://www.nasdaq.com/symbol/iht",
"INO","Inovio Pharmaceuticals, Inc.","2.5","520941172.5","n/a","n/a","Health Care","Medical/Dental Instruments","http://www.nasdaq.com/symbol/ino",
"NSPR","InspireMD, Inc.","2.63","90768053.84","n/a","n/a","Health Care","Medical/Dental Instruments","http://www.nasdaq.com/symbol/nspr",
"IFMI","Institutional Financial Markets, Inc.","2.14","32013991.26","n/a","n/a","Finance","Investment Bankers/Brokers/Service","http://www.nasdaq.com/symbol/ifmi",
"IDN","Intellicheck Mobilisa, Inc.","0.5017","13996159.1939","n/a","1999","Technology","Computer Software: Prepackaged Software","http://www.nasdaq.com/symbol/idn",
"INS","Intelligent Systems Corporation","1.6876","15117568.0528","n/a","1992","Capital Goods","Metal Fabrications","http://www.nasdaq.com/symbol/ins",
"THM","International Tower Hill Mines Ltd","0.4351","42669664.3938","n/a","n/a","Basic Industries","Precious Metals","http://www.nasdaq.com/symbol/thm",
"INTT","inTest Corporation","3.86","40752637.08","n/a","1997","Capital Goods","Electrical Products","http://www.nasdaq.com/symbol/intt",
"INUV","Inuvo, Inc","1.31","30511823.08","n/a","n/a","Consumer Services","Advertising","http://www.nasdaq.com/symbol/inuv",
"VKI","Invesco Advantage Municipal Income Trust II","10.55","468219033.05","n/a","n/a","n/a","n/a","http://www.nasdaq.com/symbol/vki",
"ICH","Investors Capital Holdings, Ltd.","7.19","51025438.37","n/a","2001","Finance","Finance/Investors Services","http://www.nasdaq.com/symbol/ich",
"ISR","IsoRay, Inc.","0.5042","19371112.9084","n/a","n/a","Health Care","Medical/Dental Instruments","http://www.nasdaq.com/symbol/isr",
"ITI","Iteris, Inc.","2","65467534","n/a","n/a","Consumer Durables","Telecommunications Equipment","http://www.nasdaq.com/symbol/iti",
"LTS","Ladenburg Thalmann Financial Services Inc","3.07","554022730.1","n/a","n/a","Finance","Investment Bankers/Brokers/Service","http://www.nasdaq.com/symbol/lts",
"LTS^A","Ladenburg Thalmann Financial Services Inc","23.6999","0","n/a","n/a","n/a","n/a","http://www.nasdaq.com/symbol/lts^a",
"LSG","Lake Shore Gold Corp","0.493","205393770.432","n/a","n/a","Basic Industries","Precious Metals","http://www.nasdaq.com/symbol/lsg",
"LAQ","Latin America Equity Fund, Inc. (The)","27.88","207664653.96","n/a","1991","n/a","n/a","http://www.nasdaq.com/symbol/laq",
"LGL","LGL Group, Inc. (The)","5.27","13581575.23","n/a","n/a","Capital Goods","Industrial Machinery/Components","http://www.nasdaq.com/symbol/lgl",
"LGL/WS","LGL Group, Inc. (The)","0.09","0","n/a","n/a","n/a","n/a","http://www.nasdaq.com/symbol/lgl/ws",
"LBY","Libbey, Inc.","20.32","432781212.16","n/a","1993","Capital Goods","Industrial Machinery/Components","http://www.nasdaq.com/symbol/lby",
"LBMH","Liberator Medical Holdings, Inc.","4.3","225334981.2","n/a","n/a","Health Care","Medical/Nursing Services","http://www.nasdaq.com/symbol/lbmh",
"LIQT","LiqTech International, Inc.","2.08","56602000","n/a","n/a","Technology","Industrial Machinery/Components","http://www.nasdaq.com/symbol/liqt",
"LON","Loncor Resources Inc.","0.11","8078370.52","n/a","n/a","Basic Industries","Precious Metals","http://www.nasdaq.com/symbol/lon",
"LEI","Lucas Energy, Inc.","0.9765","29200360.5495","n/a","n/a","Energy","Oil & Gas Production","http://www.nasdaq.com/symbol/lei",
"MCZ","Mad Catz Interactive Inc","0.5177","33097340.6562","n/a","n/a","Consumer Non-Durables","Recreational Products/Toys","http://www.nasdaq.com/symbol/mcz",
"MVG","Mag Silver Corporation","5.4","324765277.2","n/a","n/a","Basic Industries","Precious Metals","http://www.nasdaq.com/symbol/mvg",
"MHR^C","Magnum Hunter Resources Corporation","25.4799","0","n/a","n/a","n/a","n/a","http://www.nasdaq.com/symbol/mhr^c",
"MHR^D","Magnum Hunter Resources Corporation","48.04","0","n/a","n/a","n/a","n/a","http://www.nasdaq.com/symbol/mhr^d",
"MHR^E","Magnum Hunter Resources Corporation","27.7899","0","n/a","n/a","n/a","n/a","http://www.nasdaq.com/symbol/mhr^e",
"MSTX","Mast Therapeutics, Inc.","0.4998","51334600.9428","n/a","n/a","Health Care","Major Pharmaceuticals","http://www.nasdaq.com/symbol/mstx",
"MHH","Mastech Holdings, Inc","14.31","60093871.92","n/a","n/a","Consumer Services","Professional Services","http://www.nasdaq.com/symbol/mhh",
"MDGN","Medgenics, Inc.","6.72","124238069.76","n/a","2011","Health Care","Biotechnology: Biological Products (No Diagnostic Substances)","http://www.nasdaq.com/symbol/mdgn",
"MDGN/WS","Medgenics, Inc.","2.85","0","n/a","n/a","n/a","n/a","http://www.nasdaq.com/symbol/mdgn/ws",
"MEET","MeetMe, Inc.","1.81","69644019.79","n/a","n/a","Consumer Services","Advertising","http://www.nasdaq.com/symbol/meet",
"IPB","Merrill Lynch & Co., Inc.","25.95","0","n/a","n/a","Finance","Finance: Consumer Services","http://www.nasdaq.com/symbol/ipb",
"MEA","Metalico Inc","2.56","122994465.28","n/a","n/a","Basic Industries","Metal Fabrications","http://www.nasdaq.com/symbol/mea",
"MXC","Mexco Energy Corporation","6.95","14156218.7","n/a","n/a","Energy","Oil & Gas Production","http://www.nasdaq.com/symbol/mxc",
"CCA","MFS California Insured Municipal Trust","10.12","28196728.56","n/a","1999","n/a","n/a","http://www.nasdaq.com/symbol/cca",
"MGT","MGT Capital Investments Inc","2.67","23555089.77","n/a","n/a","Miscellaneous","Multi-Sector Companies","http://www.nasdaq.com/symbol/mgt",
"MDW","Midway Gold Corporation","0.8527","111599987.8044","n/a","n/a","Basic Industries","Precious Metals","http://www.nasdaq.com/symbol/mdw",
"MGH","Minco Gold Corporation","0.185","9320247.275","n/a","n/a","Basic Industries","Precious Metals","http://www.nasdaq.com/symbol/mgh",
"MGN","Mines Management, Inc.","0.66","19139836.32","n/a","n/a","Basic Industries","Precious Metals","http://www.nasdaq.com/symbol/mgn",
"MXA","Minnesota Municipal Income Portfolio Inc.","14.71","60998589.53","n/a","1993","n/a","n/a","http://www.nasdaq.com/symbol/mxa",
"MDM","Mountain Province Diamonds Inc.","4.91","491281593.41","n/a","n/a","Basic Industries","Precious Metals","http://www.nasdaq.com/symbol/mdm",
"MVF","MuniVest Fund, Inc.","9.06","579679076.28","n/a","n/a","n/a","n/a","http://www.nasdaq.com/symbol/mvf",
"MZA","MuniYield Arizona Fund, Inc.","13.15","60236928.25","n/a","1993","n/a","n/a","http://www.nasdaq.com/symbol/mza",
"NNVC","NanoViricides, Inc.","5","250143505","n/a","n/a","Health Care","Biotechnology: Commercial Physical & Biological Resarch","http://www.nasdaq.com/symbol/nnvc",
"NHC","National HealthCare Corporation","53.64","754369143.84","n/a","n/a","Health Care","Hospital/Nursing Management","http://www.nasdaq.com/symbol/nhc",
"NHC^A","National HealthCare Corporation","14.4736","0","n/a","n/a","n/a","n/a","http://www.nasdaq.com/symbol/nhc^a",
"NAVB","Navidea Biopharmaceuticals, Inc.","2","268690966","n/a","n/a","Health Care","Biotechnology: In Vitro & In Vivo Diagnostic Substances","http://www.nasdaq.com/symbol/navb",
"NBW","Neuberger Berman California Intermediate Municipal Fund Inc.","13.94","77125336.16","n/a","2002","n/a","n/a","http://www.nasdaq.com/symbol/nbw",
"NHS","Neuberger Berman High Yield Strategies Fund","13.31","260085173.04","n/a","n/a","n/a","n/a","http://www.nasdaq.com/symbol/nhs",
"NBH","Neuberger Berman Intermediate Municipal Fund Inc.","14.37","269612152.98","n/a","2002","n/a","n/a","http://www.nasdaq.com/symbol/nbh",
"NML","Neuberger Berman MLP Income Fund Inc.","19.03","1075367487.92","n/a","2013","n/a","n/a","http://www.nasdaq.com/symbol/nml",
"NBO","Neuberger Berman New York Intermediate Municipal Fund Inc.","13.3","67503046.1","n/a","2002","n/a","n/a","http://www.nasdaq.com/symbol/nbo",
"NRO","Neuberger Berman Real Estate Securities Income Fund, Inc.","4.39","244908643.94","n/a","2003","n/a","n/a","http://www.nasdaq.com/symbol/nro",
"CUR","Neuralstem, Inc.","2.97","227688631.83","n/a","n/a","Health Care","Biotechnology: Biological Products (No Diagnostic Substances)","http://www.nasdaq.com/symbol/cur",
"UWN","Nevada Gold & Casinos, Inc.","1.35","21781048.5","n/a","n/a","Consumer Services","Services-Misc. Amusement & Recreation","http://www.nasdaq.com/symbol/uwn",
"NSU","Nevsun Resources Ltd","3.34","665688058.68","n/a","n/a","Basic Industries","Precious Metals","http://www.nasdaq.com/symbol/nsu",
"GBR","New Concept Energy, Inc","1.76","3426605.6","n/a","n/a","Energy","Oil & Gas Production","http://www.nasdaq.com/symbol/gbr",
"NEN","New England Realty Associates Limited Partnership","45","174875445","n/a","n/a","Consumer Services","Building operators","http://www.nasdaq.com/symbol/nen",
"NGD","NEW GOLD INC.","5.26","2648133781.62","n/a","n/a","Basic Industries","Precious Metals","http://www.nasdaq.com/symbol/ngd",
"PAL","North American Palladium, Ltd.","0.8","157687940","n/a","2000","Basic Industries","Precious Metals","http://www.nasdaq.com/symbol/pal",
"NAK","Northern Dynasty Minerals, Ltd.","1.43","135864105.52","n/a","n/a","Basic Industries","Precious Metals","http://www.nasdaq.com/symbol/nak",
"NOG","Northern Oil and Gas, Inc.","14.28","882570630.48","n/a","n/a","Energy","Oil & Gas Production","http://www.nasdaq.com/symbol/nog",
"NBY","NovaBay Pharmaceuticals, Inc.","1.26","49641144.84","n/a","2007","Health Care","Major Pharmaceuticals","http://www.nasdaq.com/symbol/nby",
"NCQ","NovaCopper Inc.","1.51","80130650.56","n/a","n/a","Basic Industries","Precious Metals","http://www.nasdaq.com/symbol/ncq",
"NG","Novagold Resources Inc.","2.7","854986568.4","n/a","n/a","Basic Industries","Precious Metals","http://www.nasdaq.com/symbol/ng",
"NTN","NTN Buzztime, Inc.","0.6849","53866691.8812","n/a","n/a","Consumer Services","Broadcasting","http://www.nasdaq.com/symbol/ntn",
"NLP","NTS Realty Holdings Limited Partnership","7.54","83658365.96","n/a","n/a","Consumer Services","Real Estate Investment Trusts","http://www.nasdaq.com/symbol/nlp",
"NTS","NTS, Inc.","1.95","82032707.25","n/a","n/a","Consumer Services","Telecommunications Equipment","http://www.nasdaq.com/symbol/nts",
"NEA","Nuveen AMT-Free Municipal Income Fund","12.15","958429385.55","n/a","2002","n/a","n/a","http://www.nasdaq.com/symbol/nea",
"NKX","Nuveen California AMT-Free Municipal Income Fund","12.3","514678260.3","n/a","2002","n/a","n/a","http://www.nasdaq.com/symbol/nkx",
"NVX","Nuveen California Dividend Advantage Municipal Fund 2","12.74","187955003.6","n/a","2001","n/a","n/a","http://www.nasdaq.com/symbol/nvx",
"NZH","Nuveen California Dividend Advantage Municipal Fund 3","11.54","278712741.36","n/a","n/a","n/a","n/a","http://www.nasdaq.com/symbol/nzh",
"NCB","Nuveen California Municipal Value Fund 2","14.54","47806066","n/a","n/a","n/a","n/a","http://www.nasdaq.com/symbol/ncb",
"NCU","Nuveen California Premium Income Municipal Fund","13","74526985","n/a","n/a","n/a","n/a","http://www.nasdaq.com/symbol/ncu",
"CFD","Nuveen Diversified Commodity Fund","15.23","140409025.2","n/a","2010","Finance","Investment Bankers/Brokers/Service","http://www.nasdaq.com/symbol/cfd",
"NXZ","Nuveen Dividend Advantage Municipal Fund 2","12.86","379092365.46","n/a","2001","n/a","n/a","http://www.nasdaq.com/symbol/nxz",
"NZF","Nuveen Dividend Advantage Municipal Fund 3","12.43","502172348.04","n/a","2007","n/a","n/a","http://www.nasdaq.com/symbol/nzf",
"NVG","Nuveen Dividend Advantage Municipal Income Fund","12.65","377006685","n/a","2002","n/a","n/a","http://www.nasdaq.com/symbol/nvg",
"NKG","Nuveen Georgia Dividend Advantage Municipal Fund 2","11.88","125313162.48","n/a","2002","n/a","n/a","http://www.nasdaq.com/symbol/nkg",
"NKG^E","Nuveen Georgia Dividend Advantage Municipal Fund 2","10.02","0","n/a","n/a","n/a","n/a","http://www.nasdaq.com/symbol/nkg^e",
"CTF","Nuveen Long/Short Commodity Total Return Fund","16.9","309284196","n/a","n/a","Finance","Investment Bankers/Brokers/Service","http://www.nasdaq.com/symbol/ctf",
"NGX","Nuveen Massachusetts AMT-Free Municipal Income Fund","11.85","32318706.45","n/a","2002","n/a","n/a","http://www.nasdaq.com/symbol/ngx",
"NMB","Nuveen Massachusetts Dividend Advantage Municipal Fund","12.15","23885150.4","n/a","2001","n/a","n/a","http://www.nasdaq.com/symbol/nmb",
"NMB^C","Nuveen Massachusetts Dividend Advantage Municipal Fund","10.01","0","n/a","n/a","n/a","n/a","http://www.nasdaq.com/symbol/nmb^c",
"NOM","Nuveen Missouri Premium Income Municipal Fund","12.8499","29879191.4253","n/a","1993","n/a","n/a","http://www.nasdaq.com/symbol/nom",
"NMZ","Nuveen Municipal High Income Opportunity Fund","12.05","379853716.5","n/a","2003","n/a","n/a","http://www.nasdaq.com/symbol/nmz",
"NXJ","Nuveen New Jersey Dividend Advantage Municipal Fund","12.499","82127029.312","n/a","2001","n/a","n/a","http://www.nasdaq.com/symbol/nxj",
"NUJ","Nuveen New Jersey Dividend Advantage Municipal Fund 2","12.13","54912679.82","n/a","2002","n/a","n/a","http://www.nasdaq.com/symbol/nuj",
"NJV","Nuveen New Jersey Municipal Value Fund","13.65","21362741.4","n/a","n/a","n/a","n/a","http://www.nasdaq.com/symbol/njv",
"NRK","Nuveen New York AMT-Free Municipal Income Fund","12.3","1077707599.2","n/a","2002","n/a","n/a","http://www.nasdaq.com/symbol/nrk",
"NXK","Nuveen New York Dividend Advantage Municipal Fund 2","12.5","81106450","n/a","2001","n/a","n/a","http://www.nasdaq.com/symbol/nxk",
"NYV","Nuveen New York Municipal Value Fund 2","13.56","31860738.72","n/a","2009","n/a","n/a","http://www.nasdaq.com/symbol/nyv",
"NXM","Nuveen Pennsylvania Dividend Advantage Municipal Fund","12.18","40461765.12","n/a","2001","n/a","n/a","http://www.nasdaq.com/symbol/nxm",
"NVY","Nuveen Pennsylvania Dividend Advantage Municipal Fund 2","11.97","44606947.14","n/a","2002","n/a","n/a","http://www.nasdaq.com/symbol/nvy",
"NPN","Nuveen Pennsylvania Municipal Value Fund","13.59","16570993.68","n/a","2009","n/a","n/a","http://www.nasdaq.com/symbol/npn",
"JRS","Nuveen Real Estate Fund","9.46","272124411.24","n/a","2001","n/a","n/a","http://www.nasdaq.com/symbol/jrs",
"OGEN","Oragenics, Inc.","2.87","100182185.95","n/a","n/a","Health Care","Major Pharmaceuticals","http://www.nasdaq.com/symbol/ogen",
"ORC","Orchid Island Capital, Inc.","13.39","44744894.35","n/a","2013","Consumer Services","Real Estate Investment Trusts","http://www.nasdaq.com/symbol/orc",
"TIS","Orchids Paper Products Company","32.1","257965518.9","n/a","2005","Basic Industries","Paper","http://www.nasdaq.com/symbol/tis",
"ONVO","Organovo Holdings, Inc.","10.9","842333502.7","n/a","n/a","Health Care","Biotechnology: Biological Products (No Diagnostic Substances)","http://www.nasdaq.com/symbol/onvo",
"ONP","Orient Paper, Inc.","2.74","50571906","n/a","n/a","Consumer Durables","Containers/Packaging","http://www.nasdaq.com/symbol/onp",
"OESX","Orion Energy Systems, Inc.","6.84","144741438.36","n/a","2007","Consumer Durables","Building Products","http://www.nasdaq.com/symbol/oesx",
"ORM","Owens Realty Mortgage, Inc.","12.43","135914144.52","n/a","2013","Consumer Services","Real Estate Investment Trusts","http://www.nasdaq.com/symbol/orm",
"PHF","Pacholder High Yield Fund, Inc.","7.93","103035616.06","n/a","n/a","n/a","n/a","http://www.nasdaq.com/symbol/phf",
"PBM","Pacific Booker Minerals Inc","6.59","81439477.01","n/a","n/a","Basic Industries","Precious Metals","http://www.nasdaq.com/symbol/pbm",
"PCG^A","Pacific Gas & Electric Co.","26.72","0","n/a","n/a","n/a","n/a","http://www.nasdaq.com/symbol/pcg^a",
"PCG^B","Pacific Gas & Electric Co.","25.5","0","n/a","n/a","n/a","n/a","http://www.nasdaq.com/symbol/pcg^b",
"PCG^C","Pacific Gas & Electric Co.","23.65","0","n/a","n/a","n/a","n/a","http://www.nasdaq.com/symbol/pcg^c",
"PCG^D","Pacific Gas & Electric Co.","23.5184","0","n/a","n/a","n/a","n/a","http://www.nasdaq.com/symbol/pcg^d",
"PCG^E","Pacific Gas & Electric Co.","22.76","0","n/a","n/a","n/a","n/a","http://www.nasdaq.com/symbol/pcg^e",
"PCG^G","Pacific Gas & Electric Co.","22.82","0","n/a","n/a","n/a","n/a","http://www.nasdaq.com/symbol/pcg^g",
"PCG^H","Pacific Gas & Electric Co.","20.62","0","n/a","n/a","n/a","n/a","http://www.nasdaq.com/symbol/pcg^h",
"PCG^I","Pacific Gas & Electric Co.","20.278","0","n/a","n/a","n/a","n/a","http://www.nasdaq.com/symbol/pcg^i",
"PTN","Palatin Technologies, Inc.","0.76","29785657.8","n/a","n/a","Health Care","Major Pharmaceuticals","http://www.nasdaq.com/symbol/ptn",
"PZG","Paramount Gold and Silver Corp.","0.8657","134816385.5676","n/a","n/a","Basic Industries","Precious Metals","http://www.nasdaq.com/symbol/pzg",
"PRK","Park National Corporation","82.91","1278680304.1","n/a","n/a","Finance","Major Banks","http://www.nasdaq.com/symbol/prk",
"PED","Pedevco Corp.","2.24","58461567.36","n/a","n/a","Energy","Oil & Gas Production","http://www.nasdaq.com/symbol/ped",
"PIP","PharmAthene, Inc","1.92","100436952.96","n/a","n/a","Health Care","Major Pharmaceuticals","http://www.nasdaq.com/symbol/pip",
"HNW","Pioneer Diversified High Income Trust","20.33","168786633.19","n/a","2007","n/a","n/a","http://www.nasdaq.com/symbol/hnw",
"PLG","Platinum Group Metals Ltd.","1.14","628435877.88","n/a","n/a","Basic Industries","Precious Metals","http://www.nasdaq.com/symbol/plg",
"PCC","PMC Commercial Trust","8.7","92187114","n/a","1993","Consumer Services","Real Estate Investment Trusts","http://www.nasdaq.com/symbol/pcc",
"PLM","Polymet Mining Corp.","0.912","250764499.488","n/a","n/a","Basic Industries","Precious Metals","http://www.nasdaq.com/symbol/plm",
"PW","Power REIT","9.3939","15753147.5745","n/a","n/a","Consumer Services","Real Estate Investment Trusts","http://www.nasdaq.com/symbol/pw",
"APTS","Preferred Apartment Communities, Inc.","8.1","120817032.3","n/a","2011","Consumer Services","Real Estate Investment Trusts","http://www.nasdaq.com/symbol/apts",
"PLX","Protalix BioTherapeutics, Inc.","3.95","369568971.75","n/a","n/a","Health Care","Biotechnology: Biological Products (No Diagnostic Substances)","http://www.nasdaq.com/symbol/plx",
"PDO","Pyramid Oil Co","5.04","23627948.4","n/a","n/a","Energy","Oil & Gas Production","http://www.nasdaq.com/symbol/pdo",
"QMM","Quaterra Resources Inc","0.1002","19386637.4832","n/a","n/a","Basic Industries","Precious Metals","http://www.nasdaq.com/symbol/qmm",
"QRM","Quest Rare Minerals Ltd","0.49","32946151.56","n/a","n/a","Basic Industries","Precious Metals","http://www.nasdaq.com/symbol/qrm",
"RLGT","Radiant Logistics, Inc.","2.53","85071801.54","n/a","n/a","Transportation","Oil Refining/Marketing","http://www.nasdaq.com/symbol/rlgt",
"RLGT^A","Radiant Logistics, Inc.","26.3","0","n/a","n/a","n/a","n/a","http://www.nasdaq.com/symbol/rlgt^a",
"REE","Rare Element Resources Ltd.","1.71","81442588.95","n/a","n/a","Basic Industries","Precious Metals","http://www.nasdaq.com/symbol/ree",
"UTG","Reaves Utility Income Fund","24.8499","721002304.4706","n/a","2004","n/a","n/a","http://www.nasdaq.com/symbol/utg",
"REED","Reeds, Inc.","8.1","104348719.8","n/a","n/a","Consumer Non-Durables","Beverages (Production/Distribution)","http://www.nasdaq.com/symbol/reed",
"RWC","RELM Wireless Corporation","3.42","46445210.82","n/a","n/a","Technology","Radio And Television Broadcasting And Communications Equipment","http://www.nasdaq.com/symbol/rwc",
"RCG","Renaissance Capital Growth & Income Fund III, Inc.","1.38","6160274.46","n/a","n/a","n/a","n/a","http://www.nasdaq.com/symbol/rcg",
"RVP","Retractable Technologies, Inc.","3.12","84155251.44","n/a","n/a","Health Care","Medical/Dental Instruments","http://www.nasdaq.com/symbol/rvp",
"RVM","Revett Minerals Inc.","0.711","24598031.157","n/a","n/a","Basic Industries","Precious Metals","http://www.nasdaq.com/symbol/rvm",
"RNN","Rexahn Pharmaceuticals, Inc.","0.525","77026842.375","n/a","n/a","Health Care","Major Pharmaceuticals","http://www.nasdaq.com/symbol/rnn",
"RIC","Richmont Mines, Inc.","1.19","47119362.57","n/a","n/a","Basic Industries","Precious Metals","http://www.nasdaq.com/symbol/ric",
"REI","Ring Energy, Inc.","12.1","285091887.3","n/a","n/a","Energy","Oil & Gas Production","http://www.nasdaq.com/symbol/rei",
"RIF","RMR Real Estate Income Fund.","16.9349","129577505.8943","n/a","n/a","n/a","n/a","http://www.nasdaq.com/symbol/rif",
"RPI","Roberts Realty Investors, Inc.","0.9002","9015126.7164","n/a","n/a","Consumer Services","Real Estate Investment Trusts","http://www.nasdaq.com/symbol/rpi",
"RBY","Rubicon Minerals Corp","0.8736","252308000.3808","n/a","n/a","Basic Industries","Precious Metals","http://www.nasdaq.com/symbol/rby",
"SGA","Saga Communications, Inc.","51.46","292570220.86","n/a","n/a","Consumer Services","Broadcasting","http://www.nasdaq.com/symbol/sga",
"SSN","Samson Oil & Gas Limited","0.4185","53309098.7415","n/a","n/a","Energy","Oil & Gas Production","http://www.nasdaq.com/symbol/ssn",
"SAND          ","Sandstorm Gold Ltd","4.54","453627284.16","n/a","n/a","Basic Industries","Precious Metals","http://www.nasdaq.com/symbol/sand          ",
"SARA","Saratoga Resources Inc","1.12","34660193.12","n/a","n/a","Energy","Oil & Gas Production","http://www.nasdaq.com/symbol/sara",
"SEB","Seaboard Corporation","2771","3299789930","n/a","1996","Finance","Investment Bankers/Brokers/Service","http://www.nasdaq.com/symbol/seb",
"SVT","Servotronics, Inc.","8.25","20575854.75","n/a","n/a","Capital Goods","Industrial Machinery/Components","http://www.nasdaq.com/symbol/svt",
"SIF","SIFCO Industries, Inc.","28.414","152683367.764","n/a","n/a","Capital Goods","Aerospace","http://www.nasdaq.com/symbol/sif",
"SVBL","Silver Bull Resources, Inc.","0.36","57266156.52","n/a","n/a","Basic Industries","Precious Metals","http://www.nasdaq.com/symbol/svbl",
"SVLC","SilverCrest Mines, Inc.","1.78","193874404.9","n/a","n/a","Basic Industries","Precious Metals","http://www.nasdaq.com/symbol/svlc",
"WWZ^K","SiM Internal Test 10","n/a","0","n/a","n/a","n/a","n/a","http://www.nasdaq.com/symbol/wwz^k",
"MMZ^K","SiM Internal Test 6","n/a","0","n/a","n/a","n/a","n/a","http://www.nasdaq.com/symbol/mmz^k",
"OOZ^K","SiM Internal Test 7","n/a","0","n/a","n/a","n/a","n/a","http://www.nasdaq.com/symbol/ooz^k",
"QQZ^K","SiM Internal Test 8","n/a","0","n/a","n/a","n/a","n/a","http://www.nasdaq.com/symbol/qqz^k",
"SS^K","SiM Internal Test 9","n/a","0","n/a","n/a","n/a","n/a","http://www.nasdaq.com/symbol/ss^k",
"SKY","Skyline Corporation","5.18","43466643.92","n/a","n/a","Basic Industries","Homebuilding","http://www.nasdaq.com/symbol/sky",
"SLI","SL Industries, Inc.","26.21","108037620","n/a","n/a","Capital Goods","Industrial Machinery/Components","http://www.nasdaq.com/symbol/sli",
"ZXX","SM Listed Test 3","n/a","0","n/a","n/a","n/a","n/a","http://www.nasdaq.com/symbol/zxx",
"ZXX^F","SM Listed Test 3","n/a","0","n/a","n/a","n/a","n/a","http://www.nasdaq.com/symbol/zxx^f",
"XPL","Solitario Exploration & Royalty Corp","0.87","32592050.49","n/a","n/a","Basic Industries","Precious Metals","http://www.nasdaq.com/symbol/xpl",
"SCE^B","Southern California Edison Company","19","0","n/a","n/a","n/a","n/a","http://www.nasdaq.com/symbol/sce^b",
"SCE^C","Southern California Edison Company","21.01","0","n/a","n/a","n/a","n/a","http://www.nasdaq.com/symbol/sce^c",
"SCE^D","Southern California Edison Company","20.58","0","n/a","n/a","n/a","n/a","http://www.nasdaq.com/symbol/sce^d",
"SCE^E","Southern California Edison Company","22.4119","0","n/a","n/a","n/a","n/a","http://www.nasdaq.com/symbol/sce^e",
"SGB","Southwest Georgia Financial Corporation","11.58","29503952.46","n/a","n/a","Finance","Major Banks","http://www.nasdaq.com/symbol/sgb",
"LOV","Spark Networks, Inc.","6.45","154289179.35","n/a","n/a","Miscellaneous","Business Services","http://www.nasdaq.com/symbol/lov",
"STRP","Straight Path Communications Inc.","8.25","97037300.25","n/a","2013","Public Utilities","Telecommunications Equipment","http://www.nasdaq.com/symbol/strp",
"SSY","SunLink Health Systems, Inc.","0.88","8310199.04","n/a","n/a","Health Care","Hospital/Nursing Management","http://www.nasdaq.com/symbol/ssy",
"STS","Supreme Industries, Inc.","6.41","104448539.84","n/a","n/a","Capital Goods","Construction/Ag Equipment/Trucks","http://www.nasdaq.com/symbol/sts",
"SYRG","Synergy Resources Corporation","8.41","625631371.24","n/a","n/a","Energy","Oil & Gas Production","http://www.nasdaq.com/symbol/syrg",
"SYN","Synthetic Biologics, Inc","1.69","97816209.66","n/a","n/a","Health Care","Major Pharmaceuticals","http://www.nasdaq.com/symbol/syn",
"TRX","Tanzanian Royalty Exploration Corporation","1.82","183679099.24","n/a","n/a","Basic Industries","Precious Metals","http://www.nasdaq.com/symbol/trx",
"TGB","Taseko Mines Limited","2.17","418288017.35","n/a","n/a","Basic Industries","Precious Metals","http://www.nasdaq.com/symbol/tgb",
"TAS","Tasman Metals Ltd","1.11","67600090.02","n/a","n/a","Basic Industries","Precious Metals","http://www.nasdaq.com/symbol/tas",
"TSH","Teche Holding Company","49.8","103284253.8","n/a","n/a","Finance","Major Banks","http://www.nasdaq.com/symbol/tsh",
"TRC/WS","Tejon Ranch Co","5.25","0","n/a","n/a","n/a","n/a","http://www.nasdaq.com/symbol/trc/ws",
"TIK","Tel-Instrument Electronics Corp.","5.4199","17593466.9313","n/a","n/a","Capital Goods","Electrical Products","http://www.nasdaq.com/symbol/tik",
"TGC","Tengasco, Inc.","0.42","25553813.46","n/a","n/a","Energy","Oil & Gas Production","http://www.nasdaq.com/symbol/tgc",
"GLU","The Gabelli Global Utility and Income Trust","19.61","80983652.32","n/a","2004","n/a","n/a","http://www.nasdaq.com/symbol/glu",
"GLU^A","The Gabelli Global Utility and Income Trust","50.6478","0","n/a","n/a","n/a","n/a","http://www.nasdaq.com/symbol/glu^a",
"TXMD","TherapeuticsMD, Inc.","5.24","759632356.68","n/a","n/a","Health Care","Major Pharmaceuticals","http://www.nasdaq.com/symbol/txmd",
"TPI","Tianyin Pharmaceutical Co., Inc.","0.85","24975372.35","n/a","n/a","Health Care","Major Pharmaceuticals","http://www.nasdaq.com/symbol/tpi",
"IDI","Tiger Media, Inc.","1.48","47704484.8","n/a","n/a","Consumer Services","Advertising","http://www.nasdaq.com/symbol/idi",
"TLR","Timberline Resources Corporation","0.1749","9732446.5722","n/a","n/a","Basic Industries","Precious Metals","http://www.nasdaq.com/symbol/tlr",
"TGD","Timmons Gold Corp","1.16","167224492.2","n/a","2011","Basic Industries","Precious Metals","http://www.nasdaq.com/symbol/tgd",
"TOF","Tofutti Brands Inc.","3.52","18141045.12","n/a","n/a","Consumer Non-Durables","Specialty Foods","http://www.nasdaq.com/symbol/tof",
"TMP","Tompkins Financial Corporation","50.3","739863756.3","n/a","n/a","Finance","Major Banks","http://www.nasdaq.com/symbol/tmp",
"TAT","Transatlantic Petroleum Ltd","0.82","306173469.6","n/a","n/a","Energy","Oil & Gas Production","http://www.nasdaq.com/symbol/tat",
"TPLM","Triangle Petroleum Corporation","8.14","696965733.64","n/a","n/a","Energy","Oil & Gas Production","http://www.nasdaq.com/symbol/tplm",
"TRT","Trio-Tech International","3.2899","11327059.902","n/a","n/a","Technology","Industrial Machinery/Components","http://www.nasdaq.com/symbol/trt",
"HTM","U.S. Geothermal Inc.","0.3949","40088970.1036","n/a","n/a","Public Utilities","Electric Utilities: Central","http://www.nasdaq.com/symbol/htm",
"UAMY","United States Antimony Corporation","1.99","124617234.74","n/a","n/a","Capital Goods","Metal Fabrications","http://www.nasdaq.com/symbol/uamy",
"UUU","Universal Security Instruments, Inc.","4.45","10181097.15","n/a","n/a","Consumer Non-Durables","Electronic Components","http://www.nasdaq.com/symbol/uuu",
"UQM","UQM TECHNOLOGIES INC","2.17","81426383.43","n/a","n/a","Capital Goods","Industrial Machinery/Components","http://www.nasdaq.com/symbol/uqm",
"URG","Ur Energy Inc","1.41","179317789.17","n/a","n/a","Basic Industries","Precious Metals","http://www.nasdaq.com/symbol/urg",
"URZ","Uranerz Energy Corporation","1.3","111533596.2","n/a","n/a","Basic Industries","Precious Metals","http://www.nasdaq.com/symbol/urz",
"UEC","Uranium Energy Corp.","1.92","172217777.28","n/a","n/a","Basic Industries","Precious Metals","http://www.nasdaq.com/symbol/uec",
"VTG","Vantage Drilling Company","1.86","564777246.66","n/a","n/a","Energy","Oil & Gas Production","http://www.nasdaq.com/symbol/vtg",
"VSB","VantageSouth Bancshares, Inc.","5.21","239856979.68","n/a","n/a","Finance","Major Banks","http://www.nasdaq.com/symbol/vsb",
"VSR","Versar, Inc.","4.9","47525545.9","n/a","1986","Consumer Services","Military/Government/Technical","http://www.nasdaq.com/symbol/vsr",
"VII","Vicon Industries, Inc.","3.248","14628618.48","n/a","n/a","Consumer Durables","Telecommunications Equipment","http://www.nasdaq.com/symbol/vii",
"VHC","VirnetX Holding Corp","19.5","998461249.5","n/a","n/a","Miscellaneous","Multi-Sector Companies","http://www.nasdaq.com/symbol/vhc",
"VGZ","Vista Gold Corporation","0.475","39080728.075","n/a","n/a","Basic Industries","Precious Metals","http://www.nasdaq.com/symbol/vgz",
"EAD","Wells Fargo Advantage Income Opportunities Fund","9.25","656592759.25","n/a","2003","n/a","n/a","http://www.nasdaq.com/symbol/ead",
"ERC","Wells Fargo Advantage Multi-Sector Income Fund","14.12","593816600","n/a","2003","n/a","n/a","http://www.nasdaq.com/symbol/erc",
"ERH","Wells Fargo Advantage Utilities and High Income Fund","11.84","109297206.72","n/a","2004","n/a","n/a","http://www.nasdaq.com/symbol/erh",
"WGA","Wells-Gardner Electronics Corporation","1.8399","21537869.4","n/a","n/a","Technology","Radio And Television Broadcasting And Communications Equipment","http://www.nasdaq.com/symbol/wga",
"SBI","Western Asset Intermediate Muni Fund Inc","9.15","128803763.1","n/a","1992","n/a","n/a","http://www.nasdaq.com/symbol/sbi",
"WRN","Western Copper and Gold Corporation","0.78","73073470.86","n/a","2011","Basic Industries","Precious Metals","http://www.nasdaq.com/symbol/wrn",
"WYY","WidePoint Corporation","1.63","104087491.91","n/a","n/a","Technology","EDP Services","http://www.nasdaq.com/symbol/wyy",
"WTT","Wireless Telecom Group,  Inc.","2.14","51431114.34","n/a","n/a","Capital Goods","Electrical Products","http://www.nasdaq.com/symbol/wtt",
"ZBB","ZBB Energy Corporation","0.86","15228673.6","n/a","2007","Public Utilities","Electric Utilities: Central","http://www.nasdaq.com/symbol/zbb",
